{"genotype": [[[0, 0.15231377194409135]], [[1, 0.4855312500126516], [2, 0.5483683452243642], [2, 0.6809426160561032], [3, 0.962464894492993], [1, 0.37310962907432255], [0, 0.053854450123774766], [3, 0.9488047757760043], [1, 0.42417233290718226], [0, 0.10025683547052411], [1, 0.3332780689992485], [3, 0.813565384918356], [3, 0.9934601653122371], [2, 0.6287640141593757], [3, 0.8896713040703238], [2, 0.629705770406321], [3, 0.8130724499954262], [2, 0.6651698649896479], [0, 0.08849848757323797], [3, 0.9395798978807967], [0, 0.06928522839115647], [2, 0.5462098417116934], [3, 0.948737913663144], [0, 0.22025385326282498], [2, 0.51355419071434], [0, 0.0961306783645054], [0, 0.026135819425468387], [3, 0.9533318070958685], [2, 0.635388412200628], [3, 0.012981443051736541], [1, 0.48014748049328215], [3, 0.8865481326082828], [1, 0.332855908021669], [3, 0.9270543262502738], [3, 0.5519425501894921], [3, 0.7733136525086767]], [[3, 0.9690700283658383], [1, 0.40384389011669897], [2, 0.6526242748192767], [2, 0.6569003240317868], [2, 0.5700707354627008], [3, 0.9359015219157977], [2, 0.630228134780376], [3, 0.8082112241397629], [2, 0.5557807365777709], [3, 0.7817712761875938], [3, 0.997160274807887], [1, 0.2771780122611127], [2, 0.5518746823354007]], [[1, 0.21360454971297083], [2, 0.45435312824111684], [2, 0.4011786088777385], [2, 0.5686131385869261], [0, 0.04562440004583579], [2, 0.5292487166614859], [1, 0.3026088887094792], [1, 0.28916752154858516]], [[1, 0.17851369204897705], [5, 0.5189546874312086], [8, 0.8618038079155427], [7, 0.739273281348806], [9, 0.9114166386394855], [6, 0.6126214737590605], [3, 0.3799102124602155], [9, 0.9336303947302601], [4, 0.5458900098681025], [3, 0.3926066953383468], [1, 0.17525383507906378], [3, 0.4430825426698852], [8, 0.9728855338756589], [9, 0.9249980563576639]], [[0, 0.13950715021124593], [0, 0.07693823357425855], [0, 0.5112803496178338]]], "fitness": 0.9931715601088265, "tree_depth": 13, "pcfg": [[1.0, 0.0, 0.0, 0.0, 0.0, 0.0, 0.0, 0.0, 0.0, 0.0], [0.25, 0.25, 0.25, 0.25, 0.0, 0.0, 0.0, 0.0, 0.0, 0.0], [0.25, 0.25, 0.25, 0.25, 0.0, 0.0, 0.0, 0.0, 0.0, 0.0], [0.2, 0.2, 0.2, 0.2, 0.2, 0.0, 0.0, 0.0, 0.0, 0.0], [0.1, 0.1, 0.1, 0.1, 0.1, 0.1, 0.1, 0.1, 0.1, 0.1], [1.0, 0.0, 0.0, 0.0, 0.0, 0.0, 0.0, 0.0, 0.0, 0.0]], "phenotype": "(_cos_(_exp_(x[1]))|_div_|(x[5]-((x[8]*x[7])*_exp_(1.39507)*_exp_(x[6]))|_div_|_sin_(x[3]*_exp_(0.76938)|_div_|_cos_(x[4]*_cos_(x[3])|_div_|(x[1]|_div_|(x[3]-x[8])))*5.1128)))", "other_info": {"mse": 2.9251154576894676, "rrse": 0.9931715601088265, "mse_a_b": 8.519554401021093, "test_rrse": 0.9637873395970465}, "mapping_values": [1, 35, 13, 8, 14, 3]}