{"genotype": [[[0, 0.22116053958838855]], [[2, 0.623944163024843], [0, 0.08666684471512354], [2, 0.7461705788971736], [2, 0.5223288722442252], [3, 0.965703870387928], [2, 0.723672872673296], [3, 0.8802346845519722]], [[2, 0.5208775733950098], [1, 0.2425012320892459], [3, 0.8548230442698681], [3, 0.8595863435229584], [2, 0.5761322652119122], [2, 0.49343455743407816], [2, 0.611458392314563], [1, 0.044955815283951095], [1, 0.4713249911534241], [2, 0.5224759799493496], [1, 0.37780541181597427], [3, 0.7961221064314777], [3, 0.8616222854548865], [1, 0.1331405648028522], [3, 0.7610477420534122], [1, 0.11761817387995566], [0, 0.03566934142838174], [3, 0.7678416220815177], [1, 0.11564576724984343], [2, 0.6520417118403525], [2, 0.4751128904428277], [2, 0.5917273326512984], [1, 0.26577136818823865], [3, 0.9559095822308014], [3, 0.7562303346998612], [2, 0.41530296581252757], [3, 0.9912048794010995], [2, 0.5118597812310436], [2, 0.6324775864964117], [2, 0.5451147670203049], [1, 0.11239756340811202], [3, 0.8457572457719238]], [[0, 0.12663989471251058], [4, 1.0], [2, 0.44953270683922875], [0, 0.048558644562282205], [4, 0.9621408286120208], [1, 0.2070594562344088], [2, 0.4945347468015946], [4, 0.8352404644652138], [4, 0.8823872657575814], [1, 0.37181703342206907], [0, 0.002921116084913855], [2, 0.40912268379092587], [4, 0.8096060188673314], [0, 0.13999633547869628]], [[1, 0.1676657500831764], [9, 0.9018229028315564]]], "fitness": 0.9629015214933387, "mapping_values": [1, 7, 1, 4, 2], "tree_depth": 7, "pcfg": [[1.0, 0.0, 0.0, 0.0, 0.0, 0.0, 0.0, 0.0, 0.0, 0.0], [0.25, 0.25, 0.25, 0.25, 0.0, 0.0, 0.0, 0.0, 0.0, 0.0], [0.2486850258904251, 0.2486850258904251, 0.27155623938392526, 0.23107370883522454, 0.0, 0.0, 0.0, 0.0, 0.0, 0.0], [0.25, 0.0, 0.25, 0.25, 0.25, 0.0, 0.0, 0.0, 0.0, 0.0], [0.10017889955386249, 0.1985688035691002, 0.10017889955386249, 0.10017889955386249, 0.10017889955386249, 0.10017889955386249, 0.0, 0.10017889955386249, 0.10017889955386249, 0.10017889955386249]], "phenotype": "_sin_(_inv_(_exp_(x[1]))*_sin_(1.0))", "other_info": {"mse": 3.1032538332273742, "rrse": 0.9629015214933387, "mse_a_b": 8.00814773772853, "test_rrse": 0.9907825570831138}}